Episode,Ep start ts,Feedback ts,Human Reward,Environment Reward
1,16:30:32.096233,16:30:35.070549,1,-1.0
1,16:30:32.096233,16:30:35.597616,-1,-1.0
